gate,reusable_evidence_paths,last_known_result_date,invalidation_conditions,missing_only_commands_checks,external_access_needed,estimated_rerun_duration
P0-CUTOVER-PARITY-001,"docs/launch/launch-blockers.json; docs/launch/evidence-plan/P0-CUTOVER-PARITY-001.md; docs/supabase-sync/VERIFICATION_GATE.md; docs/supabase-sync/CLI_RUNBOOK.md; db/cutover/*.sql; scripts/supabase-sync/sync.sh; scripts/migrations/materialize-canonical-order.mjs",BLOCKED in manifest; canonical-chain/local replay notes through 2026-07-23,"Any migration, target/source catalog, storage bytes, Auth users, tenant aggregate, RLS/grant/function/cron/Realtime/config change; no hash-pinned evidence artifact exists","Run canonical migration-chain check; run strict source/target comparator on frozen endpoints; complete Dashboard manual configuration-parity attestation; hash and register JSON evidence",source+target DB/Dashboard and storage/config access required,Path B ~45m; full comparator 2-4h
P0-PUBLIC-ABUSE-002,"docs/launch/evidence-plan/P0-PUBLIC-ABUSE-002.md; tests/public-gateway/public-gateway.test.mjs; tests/security-hardening/v21-security-hardening.test.mjs; supabase/functions/_shared/gateway.ts; docs/supabase-sync/VERIFICATION_GATE.md","BLOCKED in manifest; local static assertions 26/26 + 9/9 claimed 2026-07-23","Gateway/origin/Turnstile/rate-limit code or deployed function changes; provider settings, logs, grants, or target URL changes; no production drill artifact","Run the two targeted node tests; anonymous burst/replay/PII-log drill; direct anon PostgREST/RPC bypass negative test; grant inventory; capture/hash JSON","deployed target, Turnstile test key, anon key and redacted logs","45-90m"
P0-BOOKING-TOKEN-003,"docs/launch/evidence-plan/P0-BOOKING-TOKEN-003.md; tests/public-gateway/public-gateway.test.mjs; tests/security-hardening/v21-security-hardening.test.mjs; supabase/functions/manage-booking; docs/supabase-sync/VERIFICATION_GATE.md",BLOCKED in manifest; static token/grant assertions claimed 2026-07-23,"Booking-management function/RPC/grants or deployed target changes; any token schema/policy change; no runtime positive/negative artifact","Run targeted public-gateway test; live token positive, missing, replay, cross-booking, phone-only tests; catalog grant inventory; hash/register JSON",deployed target and direct DB/catalog access,45-75m
P0-RLS-GRANTS-004,"docs/launch/evidence-plan/P0-RLS-GRANTS-004.md; db/tests/rls_adversarial_isolation.sql; db/tests/v21_security_hardening.sql; docs/qa/audit-artifacts/sec-09-security-definer-inventory-2026-08-29.json; docs/qa/audit-artifacts/sec-09-security-definer-top-slice-2026-08-29.csv",BLOCKED in manifest; static/catalog artifacts dated 2026-08-29 are supporting only,"Any schema, policy, grant, SECURITY DEFINER, search_path, role, or target data change; catalog snapshot is not runtime adversarial proof","Run rolled-back multi-tenant owner/staff/anon/unaffiliated assertions; rerun v21 SQL; compare fresh grant/policy inventory; hash/register JSON",direct non-anon DB credentials and synthetic principals,60-90m
P0-FINANCE-REVERSAL-005,"docs/launch/evidence-plan/P0-FINANCE-REVERSAL-005.md; db/tests/v20_financial_engine.sql; db/tests/v40_staff_reversal_workflows.sql; db/tests/v20_financial_concurrency.sh; db/tests/v40_reversal_credit_concurrency.sh; docs/launch/V49A_REHEARSAL_REMEDIATION_RESULTS_2026-07-22.md; tests/financial-integrity/",BLOCKED in manifest; local rehearsal results dated 2026-07-22,"Any ledger/RPC/trigger/role/grant change, migration application, fixture, or target data change; local replay does not prove production","Run v20/v40 SQL and both concurrency harnesses against disposable/rehearsal DB; reconcile ledgers; role/direct-insert denial checks; hash/register JSON",disposable/rehearsal DB credentials (never production writes),1.5-3h
P0-REPORTING-SCALE-006,"docs/launch/evidence-plan/P0-REPORTING-SCALE-006.md; scripts/reporting-scale/reporting-scale.test.mjs; docs/launch/v41-independent-status-blocker-execution-audit.md; docs/launch/ADVISOR_TRIAGE_2026-07-22.md","BLOCKED in manifest; targeted scale test 8/8 claimed 2026-07-23; >1,205-row local coverage noted","Any report/export RPC, pagination, timezone, ledger, fixture volume, query plan, or tenant policy change; near-zero live volumes cannot qualify scale","Run targeted reporting test; seed representative fixture; exercise all report/export paths over page limit and SGT month boundary; capture durations and reconciliation","staging/rehearsal DB and two timezone/browser environments","2-3h"
P0-PDPA-OPERATIONS-007,"docs/launch/evidence-plan/P0-PDPA-OPERATIONS-007.md; docs/compliance/PDPA_OPERATIONS.md; app/privacy.html; app/terms.html; app/data-request.html; tests/pdpa-pages/pdpa-pages.test.mjs; docs/legal/DATA-BREACH-RESPONSE.md; docs/legal/DPO-DESIGNATION.md",BLOCKED in manifest; pages exist and static test 5/5 claimed 2026-07-23,"Policy wording/version, links, consent schema, named roles, retention, processor/hosting facts, or public deployment changes; no operations rehearsal artifact","Run pdpa-pages test; smoke deployed policy routes; owner supplies DPO/operator/legal decisions; rehearse access/correction/withdrawal/deletion and incident escalation with synthetic data; hash/register JSON",production URL plus legal/privacy owner and named operators,30-60m decisions + 60-90m rehearsal
P0-AUTH-EMAIL-008,"docs/launch/evidence-plan/P0-AUTH-EMAIL-008.md; tests/security-hardening/v21-security-hardening.test.mjs; tests/public-gateway/public-gateway.test.mjs; docs/release/owner-dashboard-environment-steps-v89.md; docs/qa/SECURITY-CRON-FOLLOWUP-2026-08-29.md","BLOCKED in manifest; static assertions plus full read-only live Auth config captured 2026-08-29; HIBP on, Auth CAPTCHA off, email auto-confirm on, redirects clean, no custom SMTP","Supabase Auth settings, SMTP, CAPTCHA, redirect allowlist, password policy, provider sender, gateway/direct-route behavior, or deployed URL changes; no mailbox/runtime artifact","Run targeted security/gateway tests; decide confirmation policy; raise password baseline; configure custom SMTP; synthetic signup/reset/expiry/redirect/direct-endpoint abuse drill; session revocation and log-redaction check; hash/register JSON","Supabase Auth admin for approved changes, SMTP provider, synthetic mailbox and Turnstile","60-90m after provider decision"
P0-NOTIFICATIONS-009,"docs/launch/evidence-plan/P0-NOTIFICATIONS-009.md; tests/customer-modules/notification-lifecycle.test.mjs; tests/customer-modules/v282-comms-foundation.test.mjs; docs/operations/V282-COMMUNICATIONS-FOUNDATION-RUNBOOK.md","BLOCKED in manifest; schema/lifecycle support noted 2026-07-23","Provider choice/config, templates, consent, outbox/retry worker, webhook, or notification promise changes; no delivery receipt artifact","Resolve outbound-provider vs disabled-promise decision; configure provider; synthetic booking/change/reminder/failure/retry/unsubscribe/staff-alert tests; capture delivery and dedupe evidence","provider account/sandbox, target logs and synthetic recipients","2-4h + 30-60m decision"
P0-PAYMENTS-SUBSCRIPTIONS-010,"docs/launch/evidence-plan/P0-PAYMENTS-SUBSCRIPTIONS-010.md; docs/launch/PRODUCTION_READINESS_REVIEW_2026-07-22.md; tests/billing/v124-stripe-pricing.test.mjs; tests/billing/v134-stripe-catalog-convergence.test.mjs; tests/billing/v125-no-gst-native-readiness.test.mjs; docs/operations/V156-BILLING-DOCUMENT-RUNBOOK.md",BLOCKED in manifest; production catalog missing finding dated 2026-07-22,"Stripe/catalog/subscription schema, payment mode, webhook, tax, invoice, or Settings/Billing UI changes; any live catalog change invalidates prior finding","Owner declares manual vs integrated model; confirm v49 billing support/catalog; run Billing route smoke; if integrated run signed webhook/idempotency/failure/cancellation/reconciliation lifecycle; hash/register JSON",Stripe Dashboard/API and webhook sandbox or documented manual-collection owner,30-45m manual path after v49; processor path open-ended
P0-BACKUP-ROLLBACK-011,"docs/launch/evidence-plan/P0-BACKUP-ROLLBACK-011.md; docs/launch/ROLLBACK_RUNBOOK.md; docs/launch/POST_CLAUDE_RUNBOOK.md; docs/release/IOS-APP-STORE-RUNBOOK.md","BLOCKED in manifest; runbook exists, no restore artifact (plan snapshot 2026-07-23)","Supabase plan/PITR retention, restore point, migration/function artifact, rollback decision, or target write state changes","Verify paid-plan backup/PITR/retention; isolated branch restore rehearsal; validate prior artifact and no-split-brain decision; hash/register JSON","Supabase project owner/dashboard and isolated branch access","45-90m"
P0-OBSERVABILITY-012,"docs/launch/evidence-plan/P0-OBSERVABILITY-012.md; app/api/build.js; tests/phase0-foundation/*build*; docs/qa/SECURITY-CRON-LAUNCH-AUDIT-2026-08-29.md; docs/qa/audit-artifacts/sec-09-security-definer-inventory-2026-08-29.json",BLOCKED in manifest; read-only log access/build identity support noted 2026-07-23; security artifacts 2026-08-29,"Vercel/Supabase retention, alert routes, release tags, redaction, health checks, or deployment changes; no drill/alert receipt","Inspect config and retention; trigger synthetic client/Auth/Edge/DB/deploy errors; verify named alert receipt and redacted logs; hash/register JSON",Vercel/Supabase dashboards/logs and alert destinations,60-90m
P0-SGT-TIMEZONE-013,"docs/launch/evidence-plan/P0-SGT-TIMEZONE-013.md; scripts/reporting-scale/reporting-scale.test.mjs; db/tests/v45_birthday_benefits.sql; db/tests/v46_customer_in_app_inbox.sql; db/tests/v50a_sgt_birthdate_guard.sql; docs/launch/v41-independent-status-blocker-execution-audit.md",BLOCKED in manifest; static SGT bounds 8/8 and replay findings through 2026-07-23; live two-clock proof absent,"Any date arithmetic, report bucket, scheduling, retention, booking, or migration change; static UTC arithmetic cannot replace two-clock runtime evidence","Run targeted reporting test; execute synthetic booking/sale/report/retention/job cases around SGT midnight from SGT and non-SGT clocks; verify persisted/report/job dates; hash/register JSON",two timezone/browser environments and scheduler/log access,60-90m if clean; engineering time if residual fails
P0-TARGET-RUNTIME-014,"docs/launch/evidence-plan/P0-TARGET-RUNTIME-014.md; scripts/runtime-config/generate.mjs; app/runtime-config.js; app/vercel.json; tests/phase0-foundation/runtime-config-loader.test.mjs; tests/phase0-foundation/runtime-config-generator.test.mjs",BLOCKED in manifest; local runtime-config/build/test assertions claimed 2026-07-23; prior deployed mismatch noted 2026-07-21,"Deployment URL, environment variables, target project, CSP/connect-src, served HTML/headers, or build commit changes; local green build is insufficient","Run runtime-config:check and build; inspect served HTML/headers and /api/build; authenticated owner/staff smoke recording target ref only; hash/register JSON",Vercel deploy access and target authenticated browser session,20-30m after frozen commit/deploy
P0-TEST-CREDENTIALS-015,"docs/launch/evidence-plan/P0-TEST-CREDENTIALS-015.md; docs/supabase-sync/CLI_RUNBOOK.md; db/tests/v20_financial_concurrency.sh; docs/launch/POST_CLAUDE_RUNBOOK.md; docs/release/owner-dashboard-environment-steps-v89.md","BLOCKED in manifest; partial tooling discipline only, plan snapshot 2026-07-23","Any Auth user, secret, API key, migration credential, test login, provider credential, or access-role change; no production inventory/rotation attestation","Inventory production Auth users/secrets/access; remove/isolate test identities; rotate known credentials; least-privilege recheck; hash/register JSON without values","Supabase/Vercel/provider secret-admin access and security owner","45-75m"
P0-POST-CUTOVER-SMOKE-016,"docs/launch/evidence-plan/P0-POST-CUTOVER-SMOKE-016.md; docs/launch/POST_CLAUDE_RUNBOOK.md; docs/launch/ROLLBACK_RUNBOOK.md; scripts/launch-readiness/check.mjs; tests/launch-readiness/check.test.mjs; docs/qa/RELEASE-DEFINITION.md","BLOCKED in manifest; intentionally last gate; no end-to-end/monitoring artifact (plan snapshot 2026-07-23)","Any prior P0 evidence, URL/key cutover, source writability, production error trend, notification state, or rollback readiness change","After all other 16 artifacts: run final synthetic owner/staff/customer/join/booking/manage/sale/loyalty/credit/referral/report/export/denial matrix; verify source write denial; monitor agreed window; run node scripts/launch-readiness/check.mjs --json; hash/register JSON","production target/source access, synthetic accounts, logs and monitoring owner","1-2h smoke + owner-defined monitoring window"
P0-RELEASE-BUILD-017,"docs/launch/evidence-plan/P0-RELEASE-BUILD-017.md; scripts/quality/build-static.mjs; scripts/quality/static-baseline.mjs; tests/launch-readiness/build-static.test.mjs; tests/quality/inline-script-syntax.test.mjs; tests/phase0-foundation/app-bundle-stamp.test.mjs; app/vercel.json",BLOCKED in manifest; local build/quality and 393/393 offline suite claimed 2026-07-23; deployed route proof absent,"Any source/app route, build config, bundle stamp, security header, allowlist, policy page, or frozen commit change; deployment artifact can diverge from local","Run npm run build, npm run quality, targeted route/security/bundle tests; inspect deployed public routes/headers against allowlist; hash/register JSON",frozen commit and deployed URL/Vercel access,20-30m
